runId,workloadClass,arm,repeatNumber,logicalDigest,offeredJobsPerSecond,completedJobs,scaleRequestLatencySeconds,proactiveLeadSeconds,requestToFirstRunningSeconds,requestToFirstReadySeconds,peakVisibleBacklog,peakBacklogPerTask,peakOldestMessageAgeSeconds,completionThroughputJobsPerSecond,drainSeconds,processingP50Ms,processingP95Ms,peakRunningTasks,taskSeconds,predictionMaeJobsPerSecond,predictionBiasJobsPerSecond,errors,duplicates,dlq,unaccountedJobs
2026-09-23T19-48-33-633Z-hd-predictable-ramp-reactive-r1-d5300e39,PREDICTABLE_RAMP,reactive,1,015ac2e011dc63cc1f0c964645a0297539aba00523da64af4eab67c147caf593,26.185,16500,88.749,0,30.041,32.434,828,728,29,25.59,12.67,50,52,4,600,,,0,0,0,0
2026-09-23T20-18-35-936Z-hd-predictable-ramp-hybrid-r1-cc19b00e,PREDICTABLE_RAMP,hybrid,1,015ac2e011dc63cc1f0c964645a0297539aba00523da64af4eab67c147caf593,26.032,16500,-45.872,45.872,24.159,26.641,63,40,17,26.01,0,51,54,5,1139.196,8.816,-1.157,0,0,0,0
2026-09-23T20-37-37-397Z-hd-predictable-ramp-reactive-r2-55b391c9,PREDICTABLE_RAMP,reactive,2,a1b8beef41325055103b39dad621bb1c72f807480e6766215d72f82af9f97435,26.189,16500,86.589,0,21.704,24.097,1001,911,32,25.57,12.34,51,53,5,630.692,,,0,0,0,0
2026-09-23T21-08-03-197Z-hd-predictable-ramp-hybrid-r2-bf7a49e7,PREDICTABLE_RAMP,hybrid,2,a1b8beef41325055103b39dad621bb1c72f807480e6766215d72f82af9f97435,25.993,16500,-76.3,76.3,38.996,41.468,48,44,25,25.42,13.93,51,53,5,1170.271,8.914,-1.285,0,0,0,0
2026-09-23T21-28-47-321Z-hd-predictable-ramp-reactive-r3-29608c9b,PREDICTABLE_RAMP,reactive,3,059a7b7036ea532e1bb39dec1c952edd28cc755a07608317b8a95d5ab3067d32,26.157,16500,76.312,0,20.06,22.778,910,750,39,26.11,0,51,52,5,671.164,,,0,0,0,0
2026-09-23T21-47-13-528Z-hd-predictable-ramp-hybrid-r3-a59c12e3,PREDICTABLE_RAMP,hybrid,3,059a7b7036ea532e1bb39dec1c952edd28cc755a07608317b8a95d5ab3067d32,26.14,16500,-61.604,61.604,18.404,20.986,44,45,18,25.59,12.43,50,52,3,857.978,8.459,-2.045,0,0,0,0
2026-09-23T22-06-09-543Z-hd-sudden-burst-reactive-r1-8f542f3d,SUDDEN_BURST,reactive,1,369bca863e2cba7246578de0efa1cd3fb9b8ba7df253e7892d1008a556190623,29.035,18300,110.642,0,21.042,23.528,790,691,30,28.41,12.44,50,52,5,1729.254,,,0,0,0,0
2026-09-23T22-26-25-510Z-hd-sudden-burst-hybrid-r1-99eb0c0a,SUDDEN_BURST,hybrid,1,369bca863e2cba7246578de0efa1cd3fb9b8ba7df253e7892d1008a556190623,29.213,18300,23.313,0,21.3,23.789,460,112.5,29,28.97,0,51,53,5,2071.156,24.409,6.387,0,0,0,0
2026-09-23T22-46-21-278Z-hd-sudden-burst-reactive-r2-01791855,SUDDEN_BURST,reactive,2,54397c5b8dd3c58b62ff89e44c53ae31800ba5fc11731f16d73948d2ca495c22,29.236,18300,99.303,0,22.596,25.144,1142,932,45,28.98,0,51,53,5,1759.066,,,0,0,0,0
2026-09-26T07-50-23-909Z-hd-sudden-burst-hybrid-r2-a07532a9,SUDDEN_BURST,hybrid,2,54397c5b8dd3c58b62ff89e44c53ae31800ba5fc11731f16d73948d2ca495c22,29.233,18300,24.636,0,24.578,27.028,352,262,16,28.41,12.64,51,53,5,2062.576,21.734,6.306,0,0,0,0
2026-09-26T08-10-26-367Z-hd-sudden-burst-reactive-r3-21863e0d,SUDDEN_BURST,reactive,3,0f15ac357e86e1d974bbd38fed3fb6537bb04d445c8114fadcf5cd070163ac0c,29.238,18300,92.686,0,26.873,29.326,706,676,31,28.97,0,51,52,5,1791.592,,,0,0,0,0
2026-09-26T08-30-33-251Z-hd-sudden-burst-hybrid-r3-9ee6f022,SUDDEN_BURST,hybrid,3,0f15ac357e86e1d974bbd38fed3fb6537bb04d445c8114fadcf5cd070163ac0c,29.211,18300,23.336,0,23.58,27.328,484,294,25,28.41,12.37,51,54,5,2069.368,21.266,6.117,0,0,0,0
