workload_class,metric,arm,r1,r2,r3,mean,median,sample_sd,absolute_hybrid_minus_reactive,percentage_hybrid_minus_reactive
PREDICTABLE_RAMP,offeredJobsPerSecond,reactive,26.185,26.189,26.157,26.177,26.185,0.017,-0.122,-0.466
PREDICTABLE_RAMP,offeredJobsPerSecond,hybrid,26.032,25.993,26.14,26.055,26.032,0.076,-0.122,-0.466
PREDICTABLE_RAMP,completedJobs,reactive,16500,16500,16500,16500,16500,0,0,0
PREDICTABLE_RAMP,completedJobs,hybrid,16500,16500,16500,16500,16500,0,0,0
PREDICTABLE_RAMP,scaleRequestLatencySeconds,reactive,88.749,86.589,76.312,83.883,86.589,6.645,-145.142,-173.029
PREDICTABLE_RAMP,scaleRequestLatencySeconds,hybrid,-45.872,-76.3,-61.604,-61.259,-61.604,15.217,-145.142,-173.029
PREDICTABLE_RAMP,proactiveLeadSeconds,reactive,0,0,0,0,0,0,61.259,
PREDICTABLE_RAMP,proactiveLeadSeconds,hybrid,45.872,76.3,61.604,61.259,61.604,15.217,61.259,
PREDICTABLE_RAMP,requestToFirstRunningSeconds,reactive,30.041,21.704,20.06,23.935,21.704,5.351,3.251,13.583
PREDICTABLE_RAMP,requestToFirstRunningSeconds,hybrid,24.159,38.996,18.404,27.186,24.159,10.625,3.251,13.583
PREDICTABLE_RAMP,requestToFirstReadySeconds,reactive,32.434,24.097,22.778,26.436,24.097,5.236,3.262,12.339
PREDICTABLE_RAMP,requestToFirstReadySeconds,hybrid,26.641,41.468,20.986,29.698,26.641,10.578,3.262,12.339
PREDICTABLE_RAMP,peakVisibleBacklog,reactive,828,1001,910,913,910,86.539,-861.333,-94.341
PREDICTABLE_RAMP,peakVisibleBacklog,hybrid,63,48,44,51.667,48,10.017,-861.333,-94.341
PREDICTABLE_RAMP,peakBacklogPerTask,reactive,728,911,750,796.333,750,99.912,-753.333,-94.6
PREDICTABLE_RAMP,peakBacklogPerTask,hybrid,40,44,45,43,44,2.646,-753.333,-94.6
PREDICTABLE_RAMP,peakOldestMessageAgeSeconds,reactive,29,32,39,33.333,32,5.132,-13.333,-39.999
PREDICTABLE_RAMP,peakOldestMessageAgeSeconds,hybrid,17,25,18,20,18,4.359,-13.333,-39.999
PREDICTABLE_RAMP,completionThroughputJobsPerSecond,reactive,25.59,25.57,26.11,25.757,25.59,0.306,-0.084,-0.326
PREDICTABLE_RAMP,completionThroughputJobsPerSecond,hybrid,26.01,25.42,25.59,25.673,25.59,0.304,-0.084,-0.326
PREDICTABLE_RAMP,drainSeconds,reactive,12.67,12.34,0,8.337,12.34,7.222,0.45,5.398
PREDICTABLE_RAMP,drainSeconds,hybrid,0,13.93,12.43,8.787,12.43,7.646,0.45,5.398
PREDICTABLE_RAMP,processingP50Ms,reactive,50,51,51,50.667,51,0.577,0,0
PREDICTABLE_RAMP,processingP50Ms,hybrid,51,51,50,50.667,51,0.577,0,0
PREDICTABLE_RAMP,processingP95Ms,reactive,52,53,52,52.333,52,0.577,0.667,1.275
PREDICTABLE_RAMP,processingP95Ms,hybrid,54,53,52,53,53,1,0.667,1.275
PREDICTABLE_RAMP,peakRunningTasks,reactive,4,5,5,4.667,5,0.577,-0.334,-7.157
PREDICTABLE_RAMP,peakRunningTasks,hybrid,5,5,3,4.333,5,1.155,-0.334,-7.157
PREDICTABLE_RAMP,taskSeconds,reactive,600,630.692,671.164,633.952,630.692,35.694,421.863,66.545
PREDICTABLE_RAMP,taskSeconds,hybrid,1139.196,1170.271,857.978,1055.815,1139.196,172.035,421.863,66.545
PREDICTABLE_RAMP,predictionMaeJobsPerSecond,reactive,,,,,,,,
PREDICTABLE_RAMP,predictionMaeJobsPerSecond,hybrid,8.816,8.914,8.459,8.73,8.816,0.239,,
PREDICTABLE_RAMP,predictionBiasJobsPerSecond,reactive,,,,,,,,
PREDICTABLE_RAMP,predictionBiasJobsPerSecond,hybrid,-1.157,-1.285,-2.045,-1.496,-1.285,0.48,,
PREDICTABLE_RAMP,falseProactiveScaleOuts,reactive,0,0,0,0,0,0,0,
PREDICTABLE_RAMP,falseProactiveScaleOuts,hybrid,0,0,0,0,0,0,0,
PREDICTABLE_RAMP,errors,reactive,0,0,0,0,0,0,0,
PREDICTABLE_RAMP,errors,hybrid,0,0,0,0,0,0,0,
PREDICTABLE_RAMP,duplicates,reactive,0,0,0,0,0,0,0,
PREDICTABLE_RAMP,duplicates,hybrid,0,0,0,0,0,0,0,
PREDICTABLE_RAMP,duplicateJobsSkipped,reactive,0,0,0,0,0,0,0,
PREDICTABLE_RAMP,duplicateJobsSkipped,hybrid,0,0,0,0,0,0,0,
PREDICTABLE_RAMP,dlq,reactive,0,0,0,0,0,0,0,
PREDICTABLE_RAMP,dlq,hybrid,0,0,0,0,0,0,0,
PREDICTABLE_RAMP,unaccountedJobs,reactive,0,0,0,0,0,0,0,
PREDICTABLE_RAMP,unaccountedJobs,hybrid,0,0,0,0,0,0,0,
SUDDEN_BURST,offeredJobsPerSecond,reactive,29.035,29.236,29.238,29.17,29.236,0.117,0.049,0.168
SUDDEN_BURST,offeredJobsPerSecond,hybrid,29.213,29.233,29.211,29.219,29.213,0.012,0.049,0.168
SUDDEN_BURST,completedJobs,reactive,18300,18300,18300,18300,18300,0,0,0
SUDDEN_BURST,completedJobs,hybrid,18300,18300,18300,18300,18300,0,0,0
SUDDEN_BURST,scaleRequestLatencySeconds,reactive,110.642,99.303,92.686,100.877,99.303,9.081,-77.115,-76.445
SUDDEN_BURST,scaleRequestLatencySeconds,hybrid,23.313,24.636,23.336,23.762,23.336,0.757,-77.115,-76.445
SUDDEN_BURST,proactiveLeadSeconds,reactive,0,0,0,0,0,0,0,
SUDDEN_BURST,proactiveLeadSeconds,hybrid,0,0,0,0,0,0,0,
SUDDEN_BURST,requestToFirstRunningSeconds,reactive,21.042,22.596,26.873,23.504,22.596,3.02,-0.351,-1.493
SUDDEN_BURST,requestToFirstRunningSeconds,hybrid,21.3,24.578,23.58,23.153,23.58,1.68,-0.351,-1.493
SUDDEN_BURST,requestToFirstReadySeconds,reactive,23.528,25.144,29.326,25.999,25.144,2.992,0.049,0.188
SUDDEN_BURST,requestToFirstReadySeconds,hybrid,23.789,27.028,27.328,26.048,27.028,1.962,0.049,0.188
SUDDEN_BURST,peakVisibleBacklog,reactive,790,1142,706,879.333,790,231.321,-447.333,-50.872
SUDDEN_BURST,peakVisibleBacklog,hybrid,460,352,484,432,460,70.314,-447.333,-50.872
SUDDEN_BURST,peakBacklogPerTask,reactive,691,932,676,766.333,691,143.667,-543.5,-70.922
SUDDEN_BURST,peakBacklogPerTask,hybrid,112.5,262,294,222.833,262,96.882,-543.5,-70.922
SUDDEN_BURST,peakOldestMessageAgeSeconds,reactive,30,45,31,35.333,31,8.386,-12,-33.963
SUDDEN_BURST,peakOldestMessageAgeSeconds,hybrid,29,16,25,23.333,25,6.658,-12,-33.963
SUDDEN_BURST,completionThroughputJobsPerSecond,reactive,28.41,28.98,28.97,28.787,28.97,0.326,-0.19,-0.66
SUDDEN_BURST,completionThroughputJobsPerSecond,hybrid,28.97,28.41,28.41,28.597,28.41,0.323,-0.19,-0.66
SUDDEN_BURST,drainSeconds,reactive,12.44,0,0,4.147,0,7.182,4.19,101.037
SUDDEN_BURST,drainSeconds,hybrid,0,12.64,12.37,8.337,12.37,7.221,4.19,101.037
SUDDEN_BURST,processingP50Ms,reactive,50,51,51,50.667,51,0.577,0.333,0.657
SUDDEN_BURST,processingP50Ms,hybrid,51,51,51,51,51,0,0.333,0.657
SUDDEN_BURST,processingP95Ms,reactive,52,53,52,52.333,52,0.577,1,1.911
SUDDEN_BURST,processingP95Ms,hybrid,53,53,54,53.333,53,0.577,1,1.911
SUDDEN_BURST,peakRunningTasks,reactive,5,5,5,5,5,0,0,0
SUDDEN_BURST,peakRunningTasks,hybrid,5,5,5,5,5,0,0,0
SUDDEN_BURST,taskSeconds,reactive,1729.254,1759.066,1791.592,1759.971,1759.066,31.179,307.729,17.485
SUDDEN_BURST,taskSeconds,hybrid,2071.156,2062.576,2069.368,2067.7,2069.368,4.527,307.729,17.485
SUDDEN_BURST,predictionMaeJobsPerSecond,reactive,,,,,,,,
SUDDEN_BURST,predictionMaeJobsPerSecond,hybrid,24.409,21.734,21.266,22.47,21.734,1.696,,
SUDDEN_BURST,predictionBiasJobsPerSecond,reactive,,,,,,,,
SUDDEN_BURST,predictionBiasJobsPerSecond,hybrid,6.387,6.306,6.117,6.27,6.306,0.139,,
SUDDEN_BURST,falseProactiveScaleOuts,reactive,0,0,0,0,0,0,0,
SUDDEN_BURST,falseProactiveScaleOuts,hybrid,0,0,0,0,0,0,0,
SUDDEN_BURST,errors,reactive,0,0,0,0,0,0,0,
SUDDEN_BURST,errors,hybrid,0,0,0,0,0,0,0,
SUDDEN_BURST,duplicates,reactive,0,0,0,0,0,0,0,
SUDDEN_BURST,duplicates,hybrid,0,0,0,0,0,0,0,
SUDDEN_BURST,duplicateJobsSkipped,reactive,0,0,0,0,0,0,0,
SUDDEN_BURST,duplicateJobsSkipped,hybrid,0,0,0,0,0,0,0,
SUDDEN_BURST,dlq,reactive,0,0,0,0,0,0,0,
SUDDEN_BURST,dlq,hybrid,0,0,0,0,0,0,0,
SUDDEN_BURST,unaccountedJobs,reactive,0,0,0,0,0,0,0,
SUDDEN_BURST,unaccountedJobs,hybrid,0,0,0,0,0,0,0,
