kind,arm,offset_seconds,value,unit
scheduled_rate,both,0,10,jobs/s
scheduled_rate,both,150,16.666666666666668,jobs/s
scheduled_rate,both,270,25,jobs/s
scheduled_rate,both,390,33.333333333333336,jobs/s
scheduled_rate,both,510,50,jobs/s
scheduled_rate,both,630,50,jobs/s
observed_rate,hybrid,3.383,15,jobs/s
observed_rate,hybrid,13.383,10,jobs/s
observed_rate,hybrid,23.383,5,jobs/s
observed_rate,hybrid,33.383,15,jobs/s
observed_rate,hybrid,43.383,10,jobs/s
observed_rate,hybrid,53.383,10,jobs/s
observed_rate,hybrid,63.383,10,jobs/s
observed_rate,hybrid,73.383,10,jobs/s
observed_rate,hybrid,83.383,10,jobs/s
observed_rate,hybrid,93.383,5,jobs/s
observed_rate,hybrid,103.383,15,jobs/s
observed_rate,hybrid,113.383,10,jobs/s
observed_rate,hybrid,123.383,10,jobs/s
observed_rate,hybrid,133.383,10,jobs/s
observed_rate,hybrid,143.383,10,jobs/s
observed_rate,hybrid,153.383,15,jobs/s
observed_rate,hybrid,163.383,20,jobs/s
observed_rate,hybrid,173.383,15,jobs/s
observed_rate,hybrid,183.383,15,jobs/s
observed_rate,hybrid,193.383,20,jobs/s
observed_rate,hybrid,203.383,15,jobs/s
observed_rate,hybrid,213.383,15,jobs/s
observed_rate,hybrid,223.383,15,jobs/s
observed_rate,hybrid,233.383,20,jobs/s
observed_rate,hybrid,243.383,10,jobs/s
observed_rate,hybrid,253.383,25,jobs/s
observed_rate,hybrid,263.383,15,jobs/s
observed_rate,hybrid,273.383,25,jobs/s
observed_rate,hybrid,283.383,20,jobs/s
observed_rate,hybrid,293.383,25,jobs/s
observed_rate,hybrid,303.383,25,jobs/s
observed_rate,hybrid,313.383,30,jobs/s
observed_rate,hybrid,323.383,20,jobs/s
observed_rate,hybrid,333.383,25,jobs/s
observed_rate,hybrid,343.383,30,jobs/s
observed_rate,hybrid,353.383,25,jobs/s
observed_rate,hybrid,363.383,25,jobs/s
observed_rate,hybrid,373.383,25,jobs/s
observed_rate,hybrid,383.383,15,jobs/s
observed_rate,hybrid,393.383,40,jobs/s
observed_rate,hybrid,403.383,35,jobs/s
observed_rate,hybrid,413.383,35,jobs/s
observed_rate,hybrid,423.383,30,jobs/s
observed_rate,hybrid,433.383,35,jobs/s
observed_rate,hybrid,443.383,30,jobs/s
observed_rate,hybrid,453.383,35,jobs/s
observed_rate,hybrid,463.383,20,jobs/s
observed_rate,hybrid,473.383,50,jobs/s
observed_rate,hybrid,483.383,35,jobs/s
observed_rate,hybrid,493.383,35,jobs/s
observed_rate,hybrid,503.383,35,jobs/s
observed_rate,hybrid,513.383,45,jobs/s
observed_rate,hybrid,523.383,50,jobs/s
observed_rate,hybrid,533.383,50,jobs/s
observed_rate,hybrid,543.383,45,jobs/s
observed_rate,hybrid,553.383,60,jobs/s
observed_rate,hybrid,563.383,50,jobs/s
observed_rate,hybrid,573.383,45,jobs/s
observed_rate,hybrid,583.383,55,jobs/s
observed_rate,hybrid,593.383,50,jobs/s
observed_rate,hybrid,603.383,50,jobs/s
observed_rate,hybrid,613.383,50,jobs/s
observed_rate,hybrid,623.383,30,jobs/s
predicted_rate,hybrid,73.383,7.202,jobs/s
predicted_rate,hybrid,83.383,11.369,jobs/s
predicted_rate,hybrid,93.383,5.952,jobs/s
predicted_rate,hybrid,103.383,7.202,jobs/s
predicted_rate,hybrid,113.383,11.369,jobs/s
predicted_rate,hybrid,123.383,11.369,jobs/s
predicted_rate,hybrid,133.383,11.369,jobs/s
predicted_rate,hybrid,143.383,11.369,jobs/s
predicted_rate,hybrid,153.383,16.786,jobs/s
predicted_rate,hybrid,163.383,26.25,jobs/s
predicted_rate,hybrid,173.383,22.024,jobs/s
predicted_rate,hybrid,183.383,26.131,jobs/s
predicted_rate,hybrid,193.383,30.119,jobs/s
predicted_rate,hybrid,203.383,25.952,jobs/s
predicted_rate,hybrid,213.383,20.417,jobs/s
predicted_rate,hybrid,223.383,13.512,jobs/s
predicted_rate,hybrid,233.383,16.19,jobs/s
predicted_rate,hybrid,243.383,12.202,jobs/s
predicted_rate,hybrid,253.383,21.667,jobs/s
predicted_rate,hybrid,263.383,17.56,jobs/s
predicted_rate,hybrid,273.383,29.821,jobs/s
predicted_rate,hybrid,283.383,29.762,jobs/s
predicted_rate,hybrid,293.383,33.75,jobs/s
predicted_rate,hybrid,303.383,35,jobs/s
predicted_rate,hybrid,313.383,44.464,jobs/s
predicted_rate,hybrid,323.383,29.286,jobs/s
predicted_rate,hybrid,333.383,33.393,jobs/s
predicted_rate,hybrid,343.383,31.845,jobs/s
predicted_rate,hybrid,353.383,31.845,jobs/s
predicted_rate,hybrid,363.383,26.31,jobs/s
predicted_rate,hybrid,373.383,24.94,jobs/s
predicted_rate,hybrid,383.383,12.738,jobs/s
predicted_rate,hybrid,393.383,35.893,jobs/s
predicted_rate,hybrid,403.383,39.821,jobs/s
predicted_rate,hybrid,413.383,45.179,jobs/s
predicted_rate,hybrid,423.383,47.917,jobs/s
predicted_rate,hybrid,433.383,50.536,jobs/s
predicted_rate,hybrid,443.383,45,jobs/s
predicted_rate,hybrid,453.383,43.512,jobs/s
predicted_rate,hybrid,463.383,11.964,jobs/s
predicted_rate,hybrid,473.383,39.226,jobs/s
predicted_rate,hybrid,483.383,41.964,jobs/s
predicted_rate,hybrid,493.383,44.702,jobs/s
predicted_rate,hybrid,503.383,41.905,jobs/s
predicted_rate,hybrid,513.383,54.107,jobs/s
predicted_rate,hybrid,523.383,63.452,jobs/s
predicted_rate,hybrid,533.383,72.857,jobs/s
predicted_rate,hybrid,543.383,56.131,jobs/s
predicted_rate,hybrid,553.383,82.024,jobs/s
predicted_rate,hybrid,563.383,77.738,jobs/s
predicted_rate,hybrid,573.383,63.929,jobs/s
predicted_rate,hybrid,583.383,58.214,jobs/s
predicted_rate,hybrid,593.383,52.679,jobs/s
predicted_rate,hybrid,603.383,51.31,jobs/s
predicted_rate,hybrid,613.383,49.94,jobs/s
predicted_rate,hybrid,623.383,21.369,jobs/s
High-load onset,hybrid,510,,event
Hybrid request,hybrid,433.7,,event
Hybrid first ready,hybrid,475.168,,event
Reactive request,reactive,596.589,,event
Reactive first ready,reactive,620.686,,event
