relative_path,bytes,sha256
artifacts/hd-aws-runs/2026-09-23T19-48-33-633Z-hd-predictable-ramp-reactive-r1-d5300e39/cloudwatch-history.json,31048,117258dffcc82df3a4b45db7eb5e12d570b8043f8ff4e890ed38ef090e496207
artifacts/hd-aws-runs/2026-09-23T19-48-33-633Z-hd-predictable-ramp-reactive-r1-d5300e39/dispatches.jsonl,176628,dd178a6f0879e78b3f123dda795b973addf391557d3a68f77ce8e7ca7ebd5fc1
artifacts/hd-aws-runs/2026-09-23T19-48-33-633Z-hd-predictable-ramp-reactive-r1-d5300e39/injection-timing.json,557,6399b41f8f3112f2a8f878ec44be76833b04822c5915834ea15af0c3ab6ecca2
artifacts/hd-aws-runs/2026-09-23T19-48-33-633Z-hd-predictable-ramp-reactive-r1-d5300e39/logs/events.jsonl,5249257,d829655cfb907cc79e774621d888376b8fc7641f592850692e28aba80562d956
artifacts/hd-aws-runs/2026-09-23T19-48-33-633Z-hd-predictable-ramp-reactive-r1-d5300e39/logs/references.json,265,cdfd5f6e062cba301c4aea67b40b67bc219712c32d04acca506eabae9488fa46
artifacts/hd-aws-runs/2026-09-23T19-48-33-633Z-hd-predictable-ramp-reactive-r1-d5300e39/manifest.json,72420,1b1e999e054697b9000add9975c9f64c7ca77aada3b2d0456c3dec5acf903620
artifacts/hd-aws-runs/2026-09-23T19-48-33-633Z-hd-predictable-ramp-reactive-r1-d5300e39/predictor-logs.json,433859,3c13912cf916fb7c8bb8dfa1396864ebf61cd5e208a06edad5cb2d452a49056e
artifacts/hd-aws-runs/2026-09-23T19-48-33-633Z-hd-predictable-ramp-reactive-r1-d5300e39/review.json,870,ae7269a8a8331391d2bed99074b6a8ae0d64788eb5c7afb796027687b138f3a1
artifacts/hd-aws-runs/2026-09-23T19-48-33-633Z-hd-predictable-ramp-reactive-r1-d5300e39/samples.jsonl,46520,fd5628c0ef5f82474d55496611bb59510d3f711ad80d4667c60768c447b3ba58
artifacts/hd-aws-runs/2026-09-23T19-48-33-633Z-hd-predictable-ramp-reactive-r1-d5300e39/scaling-activities.json,622,9d117069d84911b1ddc2e5d95f3e32ec0d11191ca366af14e82b89bd98db2034
artifacts/hd-aws-runs/2026-09-23T19-48-33-633Z-hd-predictable-ramp-reactive-r1-d5300e39/summary-recovered.json,4895,173c35a46dcfa899e3054c547eee12ab46bcb3d7cc8b1e661ee615ec9f10dc1d
artifacts/hd-aws-runs/2026-09-23T19-48-33-633Z-hd-predictable-ramp-reactive-r1-d5300e39/summary.json,4577,43dcfd36aa7a7421374905e7b1fabd72eb2182ed461126505f648ec7533b101c
artifacts/hd-aws-runs/2026-09-23T20-18-35-936Z-hd-predictable-ramp-hybrid-r1-cc19b00e/cloudwatch-history.json,51545,4b1a88f83584f84ae6c2575db636b89a2600cf37cf8c96a76f11dedbdf140c8d
artifacts/hd-aws-runs/2026-09-23T20-18-35-936Z-hd-predictable-ramp-hybrid-r1-cc19b00e/dispatches.jsonl,176664,115cc9677269a0866e4d0c0b04b7f6c3f1854ca9cb09c64c1162b3fdff341c77
artifacts/hd-aws-runs/2026-09-23T20-18-35-936Z-hd-predictable-ramp-hybrid-r1-cc19b00e/injection-timing.json,558,726dca698004cf2ee66bd30217b00a19631c4609ee8d18fd09fef9b4b7b606c5
artifacts/hd-aws-runs/2026-09-23T20-18-35-936Z-hd-predictable-ramp-hybrid-r1-cc19b00e/logs/events.jsonl,5354408,6005c665bdd62b367698a75d0b9f6bbdb228def3e110311b127738cfe0797c59
artifacts/hd-aws-runs/2026-09-23T20-18-35-936Z-hd-predictable-ramp-hybrid-r1-cc19b00e/logs/references.json,265,ef83837619c963067a21c40818739d1e9c2c0417e47514571417689175ebd526
artifacts/hd-aws-runs/2026-09-23T20-18-35-936Z-hd-predictable-ramp-hybrid-r1-cc19b00e/manifest.json,72409,c56c7aae978972dc88670a6744a0cc565bf333d9391c3c7c3fbe88414a3f9e84
artifacts/hd-aws-runs/2026-09-23T20-18-35-936Z-hd-predictable-ramp-hybrid-r1-cc19b00e/predictor-logs.json,432598,e8ba0d7e481413873ed548501a8839ef4ff4b4afb483bd88c1226cd495fd17e1
artifacts/hd-aws-runs/2026-09-23T20-18-35-936Z-hd-predictable-ramp-hybrid-r1-cc19b00e/review.json,995,bc542cf1ca73c5ecef5ecac7b3ab12db8f080c1c7ab167ba44e8445a6fa01e49
artifacts/hd-aws-runs/2026-09-23T20-18-35-936Z-hd-predictable-ramp-hybrid-r1-cc19b00e/samples.jsonl,58279,307eabe3091a231f94140c931d727e8a1bfa7fe0b8aca27b7006e2ed71b11344
artifacts/hd-aws-runs/2026-09-23T20-18-35-936Z-hd-predictable-ramp-hybrid-r1-cc19b00e/scaling-activities.json,3,37517e5f3dc66819f61f5a7bb8ace1921282415f10551d2defa5c3eb0985b570
artifacts/hd-aws-runs/2026-09-23T20-18-35-936Z-hd-predictable-ramp-hybrid-r1-cc19b00e/summary.json,4470,8e2997e50446b7eb3245a5f2de97911f56c2adf46e217c77588485ab2d8b5579
artifacts/hd-aws-runs/2026-09-23T20-37-37-397Z-hd-predictable-ramp-reactive-r2-55b391c9/cloudwatch-history.json,31036,33cdf4d4d8b9c00abdceec2f2fbe02fdee314f3eb5e6cbb2f7fbb5e7ab903dce
artifacts/hd-aws-runs/2026-09-23T20-37-37-397Z-hd-predictable-ramp-reactive-r2-55b391c9/dispatches.jsonl,176594,ba5914946462a208f9223f8ae84077b06bdc0a3cd7ca31a4cd4e4ca828c1aa63
artifacts/hd-aws-runs/2026-09-23T20-37-37-397Z-hd-predictable-ramp-reactive-r2-55b391c9/injection-timing.json,558,90e27b1a6eec26953eb01d876e0d54500d0202f79662b2dd6ec223c54b849fca
artifacts/hd-aws-runs/2026-09-23T20-37-37-397Z-hd-predictable-ramp-reactive-r2-55b391c9/logs/events.jsonl,5263838,c8e9d953b5b4ddf5295c04d0a87800a0c368671a2444b4dd2e5fa3e3632692ab
artifacts/hd-aws-runs/2026-09-23T20-37-37-397Z-hd-predictable-ramp-reactive-r2-55b391c9/logs/references.json,265,4ad7c5f75b5f2e338c8da2e2cdc201e50a945352769b4378ac67e646553e7ef5
artifacts/hd-aws-runs/2026-09-23T20-37-37-397Z-hd-predictable-ramp-reactive-r2-55b391c9/manifest.json,72421,d1106f0f5c370c3dfcfba8c97a3bf89f3e36a76ff59e2e17c87fbcb2bcbecceb
artifacts/hd-aws-runs/2026-09-23T20-37-37-397Z-hd-predictable-ramp-reactive-r2-55b391c9/predictor-logs.json,434561,91d1c076f5f336aa6f9a3463f0b819d86664d03226641e144a46be5c04c8a67c
artifacts/hd-aws-runs/2026-09-23T20-37-37-397Z-hd-predictable-ramp-reactive-r2-55b391c9/review.json,844,d67c1c63d8a8f3ea3df34af31b108bcdfe45b24f5f62ded6a0ef656a0155c9f9
artifacts/hd-aws-runs/2026-09-23T20-37-37-397Z-hd-predictable-ramp-reactive-r2-55b391c9/samples.jsonl,45288,e20cd8fe12264c502c7f6c514726bab63a3f3a3c9f6f45be5cd43d39545bdd4a
artifacts/hd-aws-runs/2026-09-23T20-37-37-397Z-hd-predictable-ramp-reactive-r2-55b391c9/scaling-activities.json,660,7a93cebaf509de058939a3c434c22f54a468cc6fded17fc7c8bfb43532b9b435
artifacts/hd-aws-runs/2026-09-23T20-37-37-397Z-hd-predictable-ramp-reactive-r2-55b391c9/summary.json,4484,2a403cc7a498cbe0f1ce2dc3555c58af19bff4898ed1b3be5400c5c09cb362f8
artifacts/hd-aws-runs/2026-09-23T21-08-03-197Z-hd-predictable-ramp-hybrid-r2-bf7a49e7/cloudwatch-history.json,51522,dd4308837dd9ffb434b977320ae8fcf887f3da972b2f249f4af436c26c2d25e4
artifacts/hd-aws-runs/2026-09-23T21-08-03-197Z-hd-predictable-ramp-hybrid-r2-bf7a49e7/dispatches.jsonl,176619,f084100e1483fd1829dff96b62e0dee5cad2e15f3d8e00502fe849984c249cbe
artifacts/hd-aws-runs/2026-09-23T21-08-03-197Z-hd-predictable-ramp-hybrid-r2-bf7a49e7/injection-timing.json,556,3a10863334d754dd9be76ad12ed30372fe6bec8c21d25cc70328cb7a08df060a
artifacts/hd-aws-runs/2026-09-23T21-08-03-197Z-hd-predictable-ramp-hybrid-r2-bf7a49e7/logs/events.jsonl,5376853,5e2c558f334ae84ec8288f0cd9706c4d1570b911401624c2b08132398b207989
artifacts/hd-aws-runs/2026-09-23T21-08-03-197Z-hd-predictable-ramp-hybrid-r2-bf7a49e7/logs/references.json,265,9235d0c21d514895e573c61808634e00fb6243ac6d2a1428018e46f5cdda4a73
artifacts/hd-aws-runs/2026-09-23T21-08-03-197Z-hd-predictable-ramp-hybrid-r2-bf7a49e7/manifest.json,72407,187ccfbb0f15702bbfd86dc644280d78967bc2e5c19681c85c8871356763e7fc
artifacts/hd-aws-runs/2026-09-23T21-08-03-197Z-hd-predictable-ramp-hybrid-r2-bf7a49e7/predictor-logs.json,432626,0f4022ac40558bc3802e125eb6afe2785fe982c56877b3c480c9170bd135f011
artifacts/hd-aws-runs/2026-09-23T21-08-03-197Z-hd-predictable-ramp-hybrid-r2-bf7a49e7/review.json,960,0c70bdcbd88ac45b3234a8eff780c55eed4b0be938ebf883c821c71be0da3341
artifacts/hd-aws-runs/2026-09-23T21-08-03-197Z-hd-predictable-ramp-hybrid-r2-bf7a49e7/samples.jsonl,59744,34d4a9c7787ff05be6bf1d08515a5d92e0570124b3640aa0aa5cf57618562c3c
artifacts/hd-aws-runs/2026-09-23T21-08-03-197Z-hd-predictable-ramp-hybrid-r2-bf7a49e7/scaling-activities.json,703,2dca2d6b2094e86c038435f4c197082a8a589aa81421096cc980e7ee95195d3c
artifacts/hd-aws-runs/2026-09-23T21-08-03-197Z-hd-predictable-ramp-hybrid-r2-bf7a49e7/summary.json,4476,c911c0f692740c78d55df44ecce54dd5e4eea7a1043dcfa0536cdd4104f781f9
artifacts/hd-aws-runs/2026-09-23T21-28-47-321Z-hd-predictable-ramp-reactive-r3-29608c9b/cloudwatch-history.json,31050,03be617dc843290905c443228c3ee6a34f5ada7d9ccb886e90430325ea83b223
artifacts/hd-aws-runs/2026-09-23T21-28-47-321Z-hd-predictable-ramp-reactive-r3-29608c9b/dispatches.jsonl,176384,9c9e68dfab412e3b50159dc0a1f2ce34ff1306c8c9343730b0b394afb66d80f7
artifacts/hd-aws-runs/2026-09-23T21-28-47-321Z-hd-predictable-ramp-reactive-r3-29608c9b/injection-timing.json,555,9d375cdfcf102a04ed2c7ac8819104908dc7974dfdd51462e26f8cf4bb0b7ccb
artifacts/hd-aws-runs/2026-09-23T21-28-47-321Z-hd-predictable-ramp-reactive-r3-29608c9b/logs/events.jsonl,5257947,9c7854522003ed13476890401508fd40f366f63f92696192810d46c32b205a18
artifacts/hd-aws-runs/2026-09-23T21-28-47-321Z-hd-predictable-ramp-reactive-r3-29608c9b/logs/references.json,265,62239c1dba6ac67a9a90e3039cadb2f5dba49903217731b5a1ce879eb3513934
artifacts/hd-aws-runs/2026-09-23T21-28-47-321Z-hd-predictable-ramp-reactive-r3-29608c9b/manifest.json,72418,c9f6e0cb0b536c68842547cfa0c855eb1e75924ace7178a01b63e54b86030f2a
artifacts/hd-aws-runs/2026-09-23T21-28-47-321Z-hd-predictable-ramp-reactive-r3-29608c9b/predictor-logs.json,433536,c3d8137de3737419340124778eb481f610a96510bf81449bf3875d9c96df23c1
artifacts/hd-aws-runs/2026-09-23T21-28-47-321Z-hd-predictable-ramp-reactive-r3-29608c9b/review.json,978,52d5301c38096e72cd6c9dcdd1f43139743ebb7d06bb2c33832078cc69ddd0c8
artifacts/hd-aws-runs/2026-09-23T21-28-47-321Z-hd-predictable-ramp-reactive-r3-29608c9b/samples.jsonl,45302,b161750ccde296478f52f3b1a639d4d8704c8b3e3a5530fdc3fcc7c65366363e
artifacts/hd-aws-runs/2026-09-23T21-28-47-321Z-hd-predictable-ramp-reactive-r3-29608c9b/scaling-activities.json,660,44581655a64d116953694d6ef9dc4d8526d78a8e647777d4c6ce2641daca3b0e
artifacts/hd-aws-runs/2026-09-23T21-28-47-321Z-hd-predictable-ramp-reactive-r3-29608c9b/summary.json,4473,bbece97b2d841c965c5be4a2930065faf82e01bb2740ef63e29e8da4ec6a7678
artifacts/hd-aws-runs/2026-09-23T21-47-13-528Z-hd-predictable-ramp-hybrid-r3-a59c12e3/cloudwatch-history.json,50698,38d93ed41678921b2f05f78d879e44c4b1b7bf8d4ff495449890c9292df6fb26
artifacts/hd-aws-runs/2026-09-23T21-47-13-528Z-hd-predictable-ramp-hybrid-r3-a59c12e3/dispatches.jsonl,176656,281f8e66b5041de4c95f4596578d08044e12de09cac960f021eda796d94677ae
artifacts/hd-aws-runs/2026-09-23T21-47-13-528Z-hd-predictable-ramp-hybrid-r3-a59c12e3/injection-timing.json,555,9f7d034b7e56f475216c8c0b02fb932787049e2095f62d6843b35032690b7bec
artifacts/hd-aws-runs/2026-09-23T21-47-13-528Z-hd-predictable-ramp-hybrid-r3-a59c12e3/logs/events.jsonl,5286010,e1a6d0c2ca4fc82e868e662cda4fd98bc37aab7efbd42fa2ec97acabde8b2b2c
artifacts/hd-aws-runs/2026-09-23T21-47-13-528Z-hd-predictable-ramp-hybrid-r3-a59c12e3/logs/references.json,265,4e57494d9c3bff734b8fe8ed690c98825804821a1466e9c40e853e7b5980c47d
artifacts/hd-aws-runs/2026-09-23T21-47-13-528Z-hd-predictable-ramp-hybrid-r3-a59c12e3/manifest.json,72406,b959d787d45047d8de69903697aa9388fdd100cd72b279f012b28d87a1f50390
artifacts/hd-aws-runs/2026-09-23T21-47-13-528Z-hd-predictable-ramp-hybrid-r3-a59c12e3/predictor-logs.json,432626,8c5dfa2284512498bd8ed8cf31654d82e3e432ec8c70b19acb4775919535369f
artifacts/hd-aws-runs/2026-09-23T21-47-13-528Z-hd-predictable-ramp-hybrid-r3-a59c12e3/review.json,982,e62d6d18417227591c623c2db60c512ea1510fd6fa6b4253e30416c77cbd24f1
artifacts/hd-aws-runs/2026-09-23T21-47-13-528Z-hd-predictable-ramp-hybrid-r3-a59c12e3/samples.jsonl,49342,7c2a537302b15baf59e28eb193e30049b32062523a4ccabe52cb824f5689d162
artifacts/hd-aws-runs/2026-09-23T21-47-13-528Z-hd-predictable-ramp-hybrid-r3-a59c12e3/scaling-activities.json,741,ee55b5a8e918f17bd6d1a6b6399129fc3bbbfcc0014df951c12e7ee4b97f582e
artifacts/hd-aws-runs/2026-09-23T21-47-13-528Z-hd-predictable-ramp-hybrid-r3-a59c12e3/summary.json,3837,5e258dca387bc4d68b63282362b4b57fb49861cd1f542a52fb3afcbf4980330b
artifacts/hd-aws-runs/2026-09-23T22-06-09-543Z-hd-sudden-burst-reactive-r1-8f542f3d/cloudwatch-history.json,31031,df492cf6e5a4b47a77dd6ba197b0143644c6e86ce97cbc4f3f35970942dc7153
artifacts/hd-aws-runs/2026-09-23T22-06-09-543Z-hd-sudden-burst-reactive-r1-8f542f3d/dispatches.jsonl,195693,ce9c79746355edebfb0e3d0a24c05a68d8543ba37eec1103dfa2b17c8a3f1e72
artifacts/hd-aws-runs/2026-09-23T22-06-09-543Z-hd-sudden-burst-reactive-r1-8f542f3d/injection-timing.json,556,2794024fa47834b87b91524b72f2fdb8c419a8d04d5c29099c97521098839707
artifacts/hd-aws-runs/2026-09-23T22-06-09-543Z-hd-sudden-burst-reactive-r1-8f542f3d/logs/events.jsonl,6038061,2f5413386c4fcc0d40bf60ff19cc9b3efdf05669414e394ac6ba7738cfd6e8d5
artifacts/hd-aws-runs/2026-09-23T22-06-09-543Z-hd-sudden-burst-reactive-r1-8f542f3d/logs/references.json,265,aa278e000429b59578f69ae2dcf8e382d92956401e4ca7ac4d62b3190ec5732d
artifacts/hd-aws-runs/2026-09-23T22-06-09-543Z-hd-sudden-burst-reactive-r1-8f542f3d/manifest.json,79775,414176f2d42c90c4011bdb024934aefc122dab5b851e94718ff003b9ec0ddc19
artifacts/hd-aws-runs/2026-09-23T22-06-09-543Z-hd-sudden-burst-reactive-r1-8f542f3d/predictor-logs.json,479691,0cbad0031921729740ccabf68b52357073c692ff8e486084bf8a9593bbb4f612
artifacts/hd-aws-runs/2026-09-23T22-06-09-543Z-hd-sudden-burst-reactive-r1-8f542f3d/review.json,1063,09f799eea3454a815dfdd3a21dedadce6b375d99b2ca996dccebc776b89bd5c4
artifacts/hd-aws-runs/2026-09-23T22-06-09-543Z-hd-sudden-burst-reactive-r1-8f542f3d/samples.jsonl,70979,d1444dcaac86950b12e227dd83636d1ff38769205943edc58bc4a8adc2f5c1ab
artifacts/hd-aws-runs/2026-09-23T22-06-09-543Z-hd-sudden-burst-reactive-r1-8f542f3d/scaling-activities.json,660,19049390db47729f5e3358d9c429cbca44fdd892685d418b7ced733a262c522d
artifacts/hd-aws-runs/2026-09-23T22-06-09-543Z-hd-sudden-burst-reactive-r1-8f542f3d/summary.json,4468,9e95c388f7851d9ad761f08926112b49f70354cc9c480da9b46dd5a60b51d677
artifacts/hd-aws-runs/2026-09-23T22-26-25-510Z-hd-sudden-burst-hybrid-r1-99eb0c0a/cloudwatch-history.json,50473,86217e9122416748e5135c7b5750f91669eafbbd20a33bbc19c0ff287a05e235
artifacts/hd-aws-runs/2026-09-23T22-26-25-510Z-hd-sudden-burst-hybrid-r1-99eb0c0a/dispatches.jsonl,195764,95a76a9bf1ced3015041eb43d1be53eb38ff9a25182f9c9164eedaa3d771abfc
artifacts/hd-aws-runs/2026-09-23T22-26-25-510Z-hd-sudden-burst-hybrid-r1-99eb0c0a/injection-timing.json,556,7aea9a446969b4dfb88c8a284356faab4da815c8f376b352839a07484ec12a87
artifacts/hd-aws-runs/2026-09-23T22-26-25-510Z-hd-sudden-burst-hybrid-r1-99eb0c0a/logs/events.jsonl,6091178,aeb1b4a3ac06c01ac94aca8ee8bda9cc42855d319a67c8b885eab55f8e96a931
artifacts/hd-aws-runs/2026-09-23T22-26-25-510Z-hd-sudden-burst-hybrid-r1-99eb0c0a/logs/references.json,265,eea14b92fcaf03cacf1a2525a579ef0f4be7ff68e8d9fed7c0a9c68babfc8e2d
artifacts/hd-aws-runs/2026-09-23T22-26-25-510Z-hd-sudden-burst-hybrid-r1-99eb0c0a/manifest.json,79763,db581aaa8fa7b5c4624b7359e36593200e40cbc175911b852bf24d4af6ebfbf3
artifacts/hd-aws-runs/2026-09-23T22-26-25-510Z-hd-sudden-burst-hybrid-r1-99eb0c0a/predictor-logs.json,478287,5ea5a79adafca067ffce571b69f0d33b40816ff108340b92a21e524e1fdfece4
artifacts/hd-aws-runs/2026-09-23T22-26-25-510Z-hd-sudden-burst-hybrid-r1-99eb0c0a/review.json,1072,3a64dc9486a0433f8a235d8fc491cb9a3d0120eddf4641e48c2f500db18b63e6
artifacts/hd-aws-runs/2026-09-23T22-26-25-510Z-hd-sudden-burst-hybrid-r1-99eb0c0a/samples.jsonl,77433,7a88b49daf591884f2130cba96badf1963f128e37a78cee43604ae262635386c
artifacts/hd-aws-runs/2026-09-23T22-26-25-510Z-hd-sudden-burst-hybrid-r1-99eb0c0a/scaling-activities.json,3,37517e5f3dc66819f61f5a7bb8ace1921282415f10551d2defa5c3eb0985b570
artifacts/hd-aws-runs/2026-09-23T22-26-25-510Z-hd-sudden-burst-hybrid-r1-99eb0c0a/summary.json,4455,2f6a1afd0b8bd4d6f7f05bbbd54c2963e72463d5118544dd2a1faf55a506df8b
artifacts/hd-aws-runs/2026-09-23T22-46-21-278Z-hd-sudden-burst-reactive-r2-01791855/cloudwatch-history.json,31020,19347a6e4f0a51b08c8870e1f103c4fd9c717826991ab397b18cd9b50e487505
artifacts/hd-aws-runs/2026-09-23T22-46-21-278Z-hd-sudden-burst-reactive-r2-01791855/dispatches.jsonl,195758,542e7c7cf71b28da6694334f885ece1d7cfd499798d29c27344d3cfa9d1071d0
artifacts/hd-aws-runs/2026-09-23T22-46-21-278Z-hd-sudden-burst-reactive-r2-01791855/injection-timing.json,556,7abd37c2518a7a120cc537cadefd2d1eeb6109dc3aad7038cdc76db7d808135a
artifacts/hd-aws-runs/2026-09-23T22-46-21-278Z-hd-sudden-burst-reactive-r2-01791855/logs/events.jsonl,6075649,83342bdb1715b2df4040516505b8b71332a68b9cc54de5c7dee8791df71a218d
artifacts/hd-aws-runs/2026-09-23T22-46-21-278Z-hd-sudden-burst-reactive-r2-01791855/logs/references.json,265,e62a7a15e0f8960fa2a169b11bfc9cae440f7d577e91df8b09ec3bd5b11184b3
artifacts/hd-aws-runs/2026-09-23T22-46-21-278Z-hd-sudden-burst-reactive-r2-01791855/manifest.json,79775,86f9bc5425fa5b266743225cb8d0dea67e48c31d61c0623078ba20701f2887b1
artifacts/hd-aws-runs/2026-09-23T22-46-21-278Z-hd-sudden-burst-reactive-r2-01791855/predictor-logs.json,480014,943fc2b84827035c0245212f5fa72ae9592c95e49d25bd58381ce08decfeff60
artifacts/hd-aws-runs/2026-09-23T22-46-21-278Z-hd-sudden-burst-reactive-r2-01791855/review.json,986,860d253e3a383b8450643e83c660d02b46f631c1e3f1da577af29bf5e64cd222
artifacts/hd-aws-runs/2026-09-23T22-46-21-278Z-hd-sudden-burst-reactive-r2-01791855/samples.jsonl,68108,0371b1ce77b6c6f71d7d8714ecdc547292712c9b861f22e0f69232bbcda18363
artifacts/hd-aws-runs/2026-09-23T22-46-21-278Z-hd-sudden-burst-reactive-r2-01791855/scaling-activities.json,660,8dd98af6c5349ec6db2e5a5d10d77721c011707560a71677b5e8cb17e47c61de
artifacts/hd-aws-runs/2026-09-23T22-46-21-278Z-hd-sudden-burst-reactive-r2-01791855/summary.json,4460,7c7cd5cb61dd33356485e48250da298b41ec79ab8efacf6acaea3fcd05d8f3f3
artifacts/hd-aws-runs/2026-09-23T23-06-57-400Z-hd-sudden-burst-hybrid-r2-22296a14/dispatches.jsonl,39687,896bcd435d01e254a656c21113b2d10d0f2ff5cca028e5d16ee0ead15e711948
artifacts/hd-aws-runs/2026-09-23T23-06-57-400Z-hd-sudden-burst-hybrid-r2-22296a14/injection-timing.json,631,11193a4a6174b127d1d2b6147abd7ecfdb59de4787c2f25dd754850609609375
artifacts/hd-aws-runs/2026-09-23T23-06-57-400Z-hd-sudden-burst-hybrid-r2-22296a14/manifest.json,79763,642e56c0cccfd713feb50f7f7e86a1950ef882f338a1eada4e5d867f4c4d36f3
artifacts/hd-aws-runs/2026-09-23T23-06-57-400Z-hd-sudden-burst-hybrid-r2-22296a14/review.json,847,3543d33873f24443cae6a59df3726455c0ce9b9429339147623eeb537e624fe3
artifacts/hd-aws-runs/2026-09-23T23-06-57-400Z-hd-sudden-burst-hybrid-r2-22296a14/samples.jsonl,14926,ccbb3a76a1352396c86965e1da8196e32ca6973bb7d472fc42b4e94cc0f9bbaa
artifacts/hd-aws-runs/2026-09-26T07-50-23-909Z-hd-sudden-burst-hybrid-r2-a07532a9/cloudwatch-history.json,50099,8d09a918e05275db22837e6b3f493380f90ac6b4af4e2879482bd7e27351d5cc
artifacts/hd-aws-runs/2026-09-26T07-50-23-909Z-hd-sudden-burst-hybrid-r2-a07532a9/dispatches.jsonl,195434,79ee6a41001f59f20441d0e603ac9c23f34eae865a898592e8f7366fab7617c7
artifacts/hd-aws-runs/2026-09-26T07-50-23-909Z-hd-sudden-burst-hybrid-r2-a07532a9/injection-timing.json,556,6a59e384635e961a560e7527416f35a5dbb342d7d1b7d3049b9b04e36006237e
artifacts/hd-aws-runs/2026-09-26T07-50-23-909Z-hd-sudden-burst-hybrid-r2-a07532a9/logs/events.jsonl,6098777,ebc80d8be09191875678589131326439c9aef1a9b2c01b6c7f1a0927bd501004
artifacts/hd-aws-runs/2026-09-26T07-50-23-909Z-hd-sudden-burst-hybrid-r2-a07532a9/logs/references.json,265,e8b4d466c93c4ee6c02a730a5422ef8ec5c9b2dfdc73c315a933ac7c11821e72
artifacts/hd-aws-runs/2026-09-26T07-50-23-909Z-hd-sudden-burst-hybrid-r2-a07532a9/manifest.json,79763,59f9fde2c304a4b0ba506a205d0a5840f9d3be5335b6c281a7dd8db4ccfc5999
artifacts/hd-aws-runs/2026-09-26T07-50-23-909Z-hd-sudden-burst-hybrid-r2-a07532a9/predictor-logs.json,477936,98cd07da52f47ad137dd1696f5ce5168c8cb9cb27f0cd3fd6a10e4ba468664af
artifacts/hd-aws-runs/2026-09-26T07-50-23-909Z-hd-sudden-burst-hybrid-r2-a07532a9/review.json,1404,b09f16a68ea2317a79bd30e58b1db036dc5cf7f3a4c84c755263882ce6af583f
artifacts/hd-aws-runs/2026-09-26T07-50-23-909Z-hd-sudden-burst-hybrid-r2-a07532a9/samples.jsonl,78131,05d8913b1d6dce7efa16135f9447a009565d4c51ede71461081e3db2d8401307
artifacts/hd-aws-runs/2026-09-26T07-50-23-909Z-hd-sudden-burst-hybrid-r2-a07532a9/scaling-activities.json,3,37517e5f3dc66819f61f5a7bb8ace1921282415f10551d2defa5c3eb0985b570
artifacts/hd-aws-runs/2026-09-26T07-50-23-909Z-hd-sudden-burst-hybrid-r2-a07532a9/summary.json,4461,fd43dbf059caf0ba98aa027f03fa1df073aa50c37d50728e23b207f18f2b35b9
artifacts/hd-aws-runs/2026-09-26T08-10-26-367Z-hd-sudden-burst-reactive-r3-21863e0d/cloudwatch-history.json,31021,3b90e54703d4db7adf6cfe09c9f829384d3a0ff003e92cc734a38fa26ff15454
artifacts/hd-aws-runs/2026-09-26T08-10-26-367Z-hd-sudden-burst-reactive-r3-21863e0d/dispatches.jsonl,195734,71e15b8b5c81d391125db542ff93f16f6a50530a328b752493acac7dec6d5c49
artifacts/hd-aws-runs/2026-09-26T08-10-26-367Z-hd-sudden-burst-reactive-r3-21863e0d/injection-timing.json,558,d942626cd81c873b9e59c2488a98e2129c6ea7a131be99e04847e02d9619af2f
artifacts/hd-aws-runs/2026-09-26T08-10-26-367Z-hd-sudden-burst-reactive-r3-21863e0d/logs/events.jsonl,6036243,f5d2ac8249e7c4a6911f63d460de0a439f427125fbcc257f81b5b4760edc97ac
artifacts/hd-aws-runs/2026-09-26T08-10-26-367Z-hd-sudden-burst-reactive-r3-21863e0d/logs/references.json,265,dd016b11635def779c748ca762e5a0cfe196a741d22295e16d23ec22ebf3b363
artifacts/hd-aws-runs/2026-09-26T08-10-26-367Z-hd-sudden-burst-reactive-r3-21863e0d/manifest.json,79777,f3b0c0434ffa6cfcf5bb1c62a52968dffdbcd8ecaa69381cc4fdad908b3af3d0
artifacts/hd-aws-runs/2026-09-26T08-10-26-367Z-hd-sudden-burst-reactive-r3-21863e0d/predictor-logs.json,479691,6c24a40ba7f6d92d8565a77dba540f126e21a73551d26070a593d06cb8a28fd2
artifacts/hd-aws-runs/2026-09-26T08-10-26-367Z-hd-sudden-burst-reactive-r3-21863e0d/review.json,1561,ead922fc368e8cf961e05c37b50f855b3435121a358e3d2ddced9bdead67f3e6
artifacts/hd-aws-runs/2026-09-26T08-10-26-367Z-hd-sudden-burst-reactive-r3-21863e0d/samples.jsonl,68939,51d0222c25cec1de8de2b0ca3825666c9feaf1c8a6094605efdc9806ab134522
artifacts/hd-aws-runs/2026-09-26T08-10-26-367Z-hd-sudden-burst-reactive-r3-21863e0d/scaling-activities.json,660,0e1829796b608ed18c896c6446e8e0f90247560496aee90ee5ee7ffacf05f60b
artifacts/hd-aws-runs/2026-09-26T08-10-26-367Z-hd-sudden-burst-reactive-r3-21863e0d/summary.json,4462,7f2ec476518eb91615ac4abd89d6aac1b43b6595195e4c41bbd829ca91c00d92
artifacts/hd-aws-runs/2026-09-26T08-30-33-251Z-hd-sudden-burst-hybrid-r3-9ee6f022/cloudwatch-history.json,50287,add30bdd4e5c7c89d8cb46d5ff09a7dcff32f558279ec2ed603bfac4389544a9
artifacts/hd-aws-runs/2026-09-26T08-30-33-251Z-hd-sudden-burst-hybrid-r3-9ee6f022/dispatches.jsonl,195603,9187a3d4f927ec435006b2652c6265733b79469fa08dad5d43e5aba659e40820
artifacts/hd-aws-runs/2026-09-26T08-30-33-251Z-hd-sudden-burst-hybrid-r3-9ee6f022/injection-timing.json,557,8d70f9be1eb1c6554c571a6f9276507220d26ca897a0689de5fb6d8ce1f9c6b9
artifacts/hd-aws-runs/2026-09-26T08-30-33-251Z-hd-sudden-burst-hybrid-r3-9ee6f022/logs/events.jsonl,6105013,31fbca356d5e82ae39ed8bb502406b5c3791bae935ae7e1d7368256a76486a59
artifacts/hd-aws-runs/2026-09-26T08-30-33-251Z-hd-sudden-burst-hybrid-r3-9ee6f022/logs/references.json,265,9ca8dab5d483abefef457224a4851b870c934bad6facd5f98f0db411b9408e61
artifacts/hd-aws-runs/2026-09-26T08-30-33-251Z-hd-sudden-burst-hybrid-r3-9ee6f022/manifest.json,79764,f73cbb98f1b4781693486278d4ed43c3cfd7c48459d6d1e698a37e2c1033adef
artifacts/hd-aws-runs/2026-09-26T08-30-33-251Z-hd-sudden-burst-hybrid-r3-9ee6f022/predictor-logs.json,478259,bc0a6a26650008af54b72b9987ae9aeec4958f76bb7eb5eee366d0d7535cf08b
artifacts/hd-aws-runs/2026-09-26T08-30-33-251Z-hd-sudden-burst-hybrid-r3-9ee6f022/review.json,1508,149678bf1192512ea705f7741182efeaac0f1ad95b15b9394a490b1d95ee1099
artifacts/hd-aws-runs/2026-09-26T08-30-33-251Z-hd-sudden-burst-hybrid-r3-9ee6f022/samples.jsonl,78971,d930b8b5d1eb9b51d95628b98c77acce8e1e108df53624c3444bf11ed609474c
artifacts/hd-aws-runs/2026-09-26T08-30-33-251Z-hd-sudden-burst-hybrid-r3-9ee6f022/scaling-activities.json,3,37517e5f3dc66819f61f5a7bb8ace1921282415f10551d2defa5c3eb0985b570
artifacts/hd-aws-runs/2026-09-26T08-30-33-251Z-hd-sudden-burst-hybrid-r3-9ee6f022/summary.json,4462,d78bd8b395852b4b5bbfe66bfdae5020a71b210bcaa45d69954ea17fd2d7aa5f
