elapsedSeconds,timestamp,visibleMessages,inFlightMessages,oldestAgeSeconds,runningTasks,backlogPerTask,jobsInjected
0,2026-09-04T12:00:17.334Z,0,0,0,1,0,0
1.1,2026-09-04T12:00:18.461Z,13,0,1,1,13,0
2.2,2026-09-04T12:00:19.492Z,38,0,2,1,38,0
3.2,2026-09-04T12:00:20.494Z,68,10,3,1,68,0
4.2,2026-09-04T12:00:21.502Z,108,10,4,1,108,0
5.2,2026-09-04T12:00:22.504Z,184,7,5,1,184,0
6.3,2026-09-04T12:00:23.582Z,235,7,6,1,235,0
7.3,2026-09-04T12:00:24.618Z,240,6,7,1,240,250
8.4,2026-09-04T12:00:25.737Z,240,4,8,1,240,250
9.5,2026-09-04T12:00:26.769Z,240,4,9,1,240,250
10.5,2026-09-04T12:00:27.829Z,246,2,11,1,246,250
11.6,2026-09-04T12:00:28.870Z,258,9,12,1,258,250
12.6,2026-09-04T12:00:29.883Z,307,10,13,1,307,250
13.6,2026-09-04T12:00:30.893Z,380,9,14,1,380,250
14.6,2026-09-04T12:00:31.918Z,460,7,15,1,460,250
15.6,2026-09-04T12:00:32.949Z,480,6,16,1,480,500
16.7,2026-09-04T12:00:33.969Z,480,1,17,1,480,500
17.7,2026-09-04T12:00:34.983Z,470,10,18,1,470,500
18.7,2026-09-04T12:00:36.003Z,470,7,19,1,470,500
19.7,2026-09-04T12:00:37.050Z,470,7,20,1,470,500
20.7,2026-09-04T12:00:38.059Z,535,4,21,1,535,500
21.8,2026-09-04T12:00:39.071Z,599,3,22,1,599,500
22.8,2026-09-04T12:00:40.090Z,710,10,23,1,710,750
23.8,2026-09-04T12:00:41.129Z,710,10,24,1,710,750
24.8,2026-09-04T12:00:42.146Z,710,7,25,1,710,750
25.8,2026-09-04T12:00:43.159Z,710,4,26,1,710,750
26.9,2026-09-04T12:00:44.195Z,702,8,27,1,702,750
27.9,2026-09-04T12:00:45.228Z,700,10,28,1,700,750
28.9,2026-09-04T12:00:46.251Z,700,10,29,1,700,750
29.9,2026-09-04T12:00:47.267Z,700,7,30,1,700,750
31,2026-09-04T12:00:48.279Z,700,5,31,1,700,750
32,2026-09-04T12:00:49.292Z,690,10,30,1,690,750
33,2026-09-04T12:00:50.304Z,690,10,31,1,690,750
34,2026-09-04T12:00:51.315Z,690,7,32,1,690,750
35,2026-09-04T12:00:52.325Z,690,4,33,1,690,750
36,2026-09-04T12:00:53.329Z,680,10,34,1,680,750
37,2026-09-04T12:00:54.343Z,680,7,35,1,680,750
38,2026-09-04T12:00:55.358Z,680,6,36,1,680,750
39.1,2026-09-04T12:00:56.370Z,670,10,37,1,670,750
40.1,2026-09-04T12:00:57.386Z,670,10,38,1,670,750
41.1,2026-09-04T12:00:58.404Z,670,8,39,1,670,750
42.1,2026-09-04T12:00:59.436Z,670,6,40,1,670,750
43.1,2026-09-04T12:01:00.454Z,670,6,41,1,670,750
44.1,2026-09-04T12:01:01.462Z,670,5,42,1,670,750
45.2,2026-09-04T12:01:02.481Z,670,5,43,1,670,750
46.2,2026-09-04T12:01:03.495Z,670,4,44,1,670,750
47.3,2026-09-04T12:01:04.590Z,670,2,45,1,670,750
48.3,2026-09-04T12:01:05.637Z,663,8,46,1,663,750
49.5,2026-09-04T12:01:06.769Z,660,10,47,1,660,750
50.6,2026-09-04T12:01:07.936Z,660,10,48,1,660,750
51.7,2026-09-04T12:01:08.978Z,660,8,49,1,660,750
52.8,2026-09-04T12:01:10.159Z,660,8,51,1,660,750
53.9,2026-09-04T12:01:11.170Z,660,6,52,1,660,750
55,2026-09-04T12:01:12.281Z,660,4,53,1,660,750
56,2026-09-04T12:01:13.294Z,654,6,54,1,654,750
57,2026-09-04T12:01:14.302Z,650,10,55,1,650,750
58,2026-09-04T12:01:15.347Z,650,10,56,1,650,750
59,2026-09-04T12:01:16.356Z,650,6,57,1,650,750
60,2026-09-04T12:01:17.367Z,650,3,58,1,650,750
61.1,2026-09-04T12:01:18.379Z,640,10,59,1,640,750
62.1,2026-09-04T12:01:19.391Z,640,8,60,1,640,750
63.1,2026-09-04T12:01:20.404Z,640,5,61,1,640,750
64.1,2026-09-04T12:01:21.415Z,630,10,62,1,630,750
65.1,2026-09-04T12:01:22.429Z,630,7,63,1,630,750
66.1,2026-09-04T12:01:23.443Z,630,4,64,1,630,750
67.1,2026-09-04T12:01:24.445Z,620,10,65,1,620,750
68.1,2026-09-04T12:01:25.451Z,620,7,66,1,620,750
69.1,2026-09-04T12:01:26.457Z,620,1,67,1,620,750
70.1,2026-09-04T12:01:27.460Z,610,10,68,1,610,750
71.2,2026-09-04T12:01:28.469Z,610,7,69,1,610,750
72.2,2026-09-04T12:01:29.483Z,600,10,70,1,600,750
73.2,2026-09-04T12:01:30.497Z,600,9,71,1,600,750
74.2,2026-09-04T12:01:31.511Z,600,4,72,1,600,750
75.2,2026-09-04T12:01:32.517Z,590,10,73,1,590,750
76.2,2026-09-04T12:01:33.531Z,590,7,74,1,590,750
77.2,2026-09-04T12:01:34.545Z,580,10,75,1,580,750
78.2,2026-09-04T12:01:35.560Z,580,7,76,1,580,750
79.3,2026-09-04T12:01:36.571Z,580,4,77,1,580,750
80.3,2026-09-04T12:01:37.583Z,570,10,78,1,570,750
81.3,2026-09-04T12:01:38.599Z,570,7,79,1,570,750
82.3,2026-09-04T12:01:39.613Z,560,10,80,1,560,750
83.3,2026-09-04T12:01:40.625Z,560,7,81,1,560,750
84.3,2026-09-04T12:01:41.641Z,560,4,82,1,560,750
85.3,2026-09-04T12:01:42.651Z,550,10,83,1,550,750
86.3,2026-09-04T12:01:43.666Z,550,7,84,1,550,750
87.4,2026-09-04T12:01:44.679Z,550,1,85,1,550,750
88.4,2026-09-04T12:01:45.688Z,540,8,86,1,540,750
89.4,2026-09-04T12:01:46.698Z,540,4,87,1,540,750
90.4,2026-09-04T12:01:47.709Z,530,10,88,1,530,750
91.4,2026-09-04T12:01:48.720Z,530,4,89,1,530,750
92.4,2026-09-04T12:01:49.729Z,520,10,90,1,520,750
93.4,2026-09-04T12:01:50.732Z,520,5,91,1,520,750
94.4,2026-09-04T12:01:51.739Z,510,10,92,1,510,750
95.4,2026-09-04T12:01:52.745Z,510,7,93,1,510,750
96.4,2026-09-04T12:01:53.756Z,500,10,94,1,500,750
97.4,2026-09-04T12:01:54.765Z,500,7,95,1,500,750
98.5,2026-09-04T12:01:55.774Z,500,4,96,1,500,750
99.5,2026-09-04T12:01:56.775Z,490,10,97,1,490,750
100.5,2026-09-04T12:01:57.777Z,490,7,98,1,490,750
101.5,2026-09-04T12:01:58.792Z,490,4,99,1,490,750
102.5,2026-09-04T12:01:59.799Z,480,10,100,1,480,750
103.5,2026-09-04T12:02:00.814Z,480,5,101,1,480,750
104.5,2026-09-04T12:02:01.829Z,470,10,102,1,470,750
105.5,2026-09-04T12:02:02.840Z,470,7,103,1,470,750
106.5,2026-09-04T12:02:03.854Z,470,3,104,1,470,750
107.6,2026-09-04T12:02:04.869Z,460,10,105,1,460,750
108.6,2026-09-04T12:02:05.878Z,460,4,106,1,460,750
109.6,2026-09-04T12:02:06.888Z,450,10,107,1,450,750
110.6,2026-09-04T12:02:07.902Z,450,7,108,1,450,750
111.6,2026-09-04T12:02:08.914Z,450,4,109,1,450,750
112.6,2026-09-04T12:02:09.922Z,440,10,110,1,440,750
113.6,2026-09-04T12:02:10.927Z,440,6,111,1,440,750
114.6,2026-09-04T12:02:11.929Z,430,10,110,1,430,750
115.6,2026-09-04T12:02:12.940Z,430,7,111,1,430,750
116.6,2026-09-04T12:02:13.955Z,430,1,112,1,430,750
117.6,2026-09-04T12:02:14.962Z,420,7,113,1,420,750
118.7,2026-09-04T12:02:15.975Z,415,5,114,1,415,750
119.7,2026-09-04T12:02:16.981Z,410,10,115,1,410,750
120.7,2026-09-04T12:02:17.994Z,410,6,116,1,410,750
121.7,2026-09-04T12:02:19.000Z,400,10,117,1,400,750
122.7,2026-09-04T12:02:20.014Z,400,7,118,1,400,750
123.7,2026-09-04T12:02:21.024Z,390,10,119,1,390,750
124.7,2026-09-04T12:02:22.026Z,390,7,120,1,390,750
125.7,2026-09-04T12:02:23.039Z,390,1,121,1,390,750
126.7,2026-09-04T12:02:24.049Z,380,7,122,1,380,750
127.7,2026-09-04T12:02:25.062Z,376,4,123,1,376,750
128.8,2026-09-04T12:02:26.069Z,370,9,124,1,370,750
129.8,2026-09-04T12:02:27.083Z,370,4,125,1,370,750
130.8,2026-09-04T12:02:28.095Z,360,10,126,1,360,750
131.8,2026-09-04T12:02:29.109Z,360,4,127,1,360,750
132.8,2026-09-04T12:02:30.123Z,350,10,128,1,350,750
133.8,2026-09-04T12:02:31.138Z,350,6,129,1,350,750
134.8,2026-09-04T12:02:32.151Z,340,10,130,1,340,750
135.8,2026-09-04T12:02:33.162Z,340,7,131,1,340,750
136.9,2026-09-04T12:02:34.177Z,340,4,132,1,340,750
137.9,2026-09-04T12:02:35.188Z,330,10,133,1,330,750
138.9,2026-09-04T12:02:36.199Z,330,6,134,1,330,750
139.9,2026-09-04T12:02:37.214Z,320,10,135,1,320,750
140.9,2026-09-04T12:02:38.226Z,320,4,136,1,320,750
141.9,2026-09-04T12:02:39.235Z,310,10,137,1,310,750
142.9,2026-09-04T12:02:40.236Z,310,6,138,1,310,750
143.9,2026-09-04T12:02:41.248Z,310,1,139,1,310,750
144.9,2026-09-04T12:02:42.250Z,300,7,140,1,300,750
145.9,2026-09-04T12:02:43.258Z,300,3,141,1,300,750
147,2026-09-04T12:02:44.273Z,290,10,142,1,290,750
148,2026-09-04T12:02:45.284Z,290,4,143,1,290,750
149,2026-09-04T12:02:46.288Z,280,10,144,1,280,750
150,2026-09-04T12:02:47.297Z,280,6,145,1,280,750
