timestamp,visibleMessages,inFlightMessages,oldestAgeSeconds,runningTasks,backlogPerTask,desiredTasks,action
2026-09-03T16:57:40.235Z,0,0,0,1,0,1,none
2026-09-03T16:57:50.250Z,60,10,10,1,60,1,none
2026-09-03T16:58:00.257Z,130,7,20,2,130,2,scaleOut:1
2026-09-03T16:58:10.275Z,160,17,30,2,80,3,scaleOutCooldown
2026-09-03T16:58:20.290Z,200,17,35,2,100,3,scaleOutCooldown
2026-09-03T16:58:30.305Z,240,17,45,4,120,4,scaleOut:2
2026-09-03T16:58:40.340Z,200,31,40,3,50,3,scaleIn:1
2026-09-03T16:58:50.361Z,130,30,40,3,43.33,2,scaleInCooldown
2026-09-03T16:59:00.381Z,50,36,45,3,16.67,1,scaleInCooldown
2026-09-03T16:59:10.389Z,0,8,0,3,0,1,scaleInCooldown
