historySize,predictionHorizonSeconds,capacitySafetyFactor,requiredConsecutiveRecommendations,minRisingSlopeJobsPerSecondSquared,duplicateRequestCooldownSeconds,rampRequestSeconds,rampReadySeconds,rampPeakBacklog,rampPeakBptEquivalent,rampOldestAgeSeconds,rampDrainSeconds,rampTaskSeconds,rampMae,rampBias,rampMatchedForecasts,burstRequestSeconds,burstReactiveRequestSeconds,burstPeakBacklog,burstTaskSeconds,burstMae,burstBias,flatFalsePredictiveScaleOuts,flatTaskSeconds
4,80,0.85,1,0.02,60,160,200.5,50,50,1,0,2348,12.404,0,52,220,,426.65,2108,19.038,5.577,0,630
4,80,0.85,2,0.02,60,170,210.5,50,50,1,0,1228,12.404,0,52,230,,501.98,2068,19.038,5.577,0,630
4,80,1,1,0.02,60,290,330.5,50,50,1,0,1828,12.404,0,52,220,,426.65,2108,19.038,5.577,0,630
4,80,1,2,0.02,60,300,340.5,50,50,1,0,1788,12.404,0,52,230,,501.98,2068,19.038,5.577,0,630
4,100,0.85,1,0.02,60,160,200.5,50,50,1,0,2348,13.58,-1.28,50,220,,426.65,2108,24.4,7.6,0,630
4,100,0.85,2,0.02,60,170,210.5,50,50,1,0,2308,13.58,-1.28,50,230,,501.98,2068,24.4,7.6,0,630
4,100,1,1,0.02,60,160,200.5,50,50,1,0,2348,13.58,-1.28,50,220,,426.65,2108,24.4,7.6,0,630
4,100,1,2,0.02,60,170,210.5,50,50,1,0,1198,13.58,-1.28,50,230,,501.98,2068,24.4,7.6,0,630
4,110,0.85,1,0.02,60,160,200.5,50,50,1,0,2348,12.398,-2.908,49,220,,426.65,2108,27.143,8.776,0,630
4,110,0.85,2,0.02,60,170,210.5,50,50,1,0,2308,12.398,-2.908,49,230,,501.98,2068,27.143,8.776,0,630
4,110,1,1,0.02,60,160,200.5,50,50,1,0,2348,12.398,-2.908,49,220,,426.65,2108,27.143,8.776,0,630
4,110,1,2,0.02,60,170,210.5,50,50,1,0,1888.5,12.398,-2.908,49,230,,501.98,2068,27.143,8.776,0,630
4,120,0.85,1,0.02,60,160,200.5,50,50,1,0,2348,11.74,-4.094,48,220,,426.65,2108,30,10,0,630
4,120,0.85,2,0.02,60,170,210.5,50,50,1,0,2308,11.74,-4.094,48,230,,501.98,2068,30,10,0,630
4,120,1,1,0.02,60,160,200.5,50,50,1,0,2348,11.74,-4.094,48,220,,426.65,2108,30,10,0,630
4,120,1,2,0.02,60,170,210.5,50,50,1,0,2308,11.74,-4.094,48,230,,501.98,2068,30,10,0,630
6,80,0.85,1,0.02,60,290,330.5,50,50,1,0,1229,11.773,-0.533,50,220,,426.65,2108,20,5.6,0,630
6,80,0.85,2,0.02,60,300,340.5,50,50,1,0,1788,11.773,-0.533,50,230,,501.98,2068,20,5.6,0,630
6,80,1,1,0.02,60,310,350.5,50,50,1,0,1468.5,11.773,-0.533,50,220,,426.65,2108,20,5.6,0,630
6,80,1,2,0.02,60,420,460.5,50,50,1,0,1308,11.773,-0.533,50,230,,501.98,2068,20,5.6,0,630
6,100,0.85,1,0.02,60,190,230.5,50,50,1,0,1208,10.947,-2.426,48,220,,426.65,2108,25.417,7.917,0,630
6,100,0.85,2,0.02,60,300,340.5,50,50,1,0,1788,10.947,-2.426,48,230,,501.98,2068,25.417,7.917,0,630
6,100,1,1,0.02,60,300,340.5,50,50,1,0,1209,10.947,-2.426,48,220,,426.65,2108,25.417,7.917,0,630
6,100,1,2,0.02,60,310,350.5,50,50,1,0,1748,10.947,-2.426,48,230,,501.98,2068,25.417,7.917,0,630
6,110,0.85,1,0.02,60,190,230.5,50,50,1,0,1828.5,10.035,-3.393,47,220,,426.65,2108,28.298,9.149,0,630
6,110,0.85,2,0.02,60,300,340.5,50,50,1,0,1788,10.035,-3.393,47,230,,501.98,2068,28.298,9.149,0,630
6,110,1,1,0.02,60,290,330.5,50,50,1,0,1229,10.035,-3.393,47,220,,426.65,2108,28.298,9.149,0,630
6,110,1,2,0.02,60,300,340.5,50,50,1,0,1788,10.035,-3.393,47,230,,501.98,2068,28.298,9.149,0,630
6,120,0.85,1,0.02,60,190,230.5,50,50,1,0,2228,9.615,-4.046,46,220,,426.65,2108,31.304,10.435,0,630
6,120,0.85,2,0.02,60,290,330.5,50,50,1,0,1828,9.615,-4.046,46,230,,501.98,2068,31.304,10.435,0,630
6,120,1,1,0.02,60,290,330.5,50,50,1,0,1828,9.615,-4.046,46,220,,426.65,2108,31.304,10.435,0,630
6,120,1,2,0.02,60,300,340.5,50,50,1,0,1788,9.615,-4.046,46,230,,501.98,2068,31.304,10.435,0,630
8,80,0.85,1,0.02,60,300,340.5,50,50,1,0,969,9.138,-1.395,48,220,,426.65,2108,20.694,5.972,0,630
8,80,0.85,2,0.02,60,310,350.5,50,50,1,0,1468.5,9.138,-1.395,48,230,,501.98,2068,20.694,5.972,0,630
8,80,1,1,0.02,60,410,450.5,50,50,1,0,809.5,9.138,-1.395,48,220,,426.65,2108,20.694,5.972,0,630
8,80,1,2,0.02,60,420,460.5,50,50,1,0,799.5,9.138,-1.395,48,230,,501.98,2068,20.694,5.972,0,630
8,100,0.85,1,0.02,60,300,340.5,50,50,1,0,1788,7.791,-2.845,46,220,,426.65,2108,26.522,8.261,0,630
8,100,0.85,2,0.02,60,310,350.5,50,50,1,0,1748,7.791,-2.845,46,230,,501.98,2068,26.522,8.261,0,630
8,100,1,1,0.02,60,410,450.5,50,50,1,0,1348,7.791,-2.845,46,220,,426.65,2108,26.522,8.261,0,630
8,100,1,2,0.02,60,420,460.5,50,50,1,0,1308,7.791,-2.845,46,230,,501.98,2068,26.522,8.261,0,630
8,110,0.85,1,0.02,60,300,340.5,50,50,1,0,1788,7.623,-3.504,45,220,,426.65,2108,29.556,9.556,0,630
8,110,0.85,2,0.02,60,310,350.5,50,50,1,0,1748,7.623,-3.504,45,230,,501.98,2068,29.556,9.556,0,630
8,110,1,1,0.02,60,300,340.5,50,50,1,0,1038,7.623,-3.504,45,220,,426.65,2108,29.556,9.556,0,630
8,110,1,2,0.02,60,310,350.5,50,50,1,0,1189,7.623,-3.504,45,230,,501.98,2068,29.556,9.556,0,630
8,120,0.85,1,0.02,60,300,340.5,50,50,1,0,1788,7.734,-3.868,44,220,,426.65,2108,32.727,10.909,0,630
8,120,0.85,2,0.02,60,310,350.5,50,50,1,0,1748,7.734,-3.868,44,230,,501.98,2068,32.727,10.909,0,630
8,120,1,1,0.02,60,300,340.5,50,50,1,0,1209,7.734,-3.868,44,220,,426.65,2108,32.727,10.909,0,630
8,120,1,2,0.02,60,310,350.5,50,50,1,0,1748,7.734,-3.868,44,230,,501.98,2068,32.727,10.909,0,630
